{"cameraMode":{"drawMode":0,"name":"Shaded","section":"Shading Mode"},"sceneLighting":false,"audioPlay":false,"sceneViewState":{"showFog":true,"showMaterialUpdate":false,"showSkybox":false,"showFlares":true,"showImageEffects":true,"showParticleSystems":true},"in2DMode":false,"pivot":{"x":-0.037073664367198947,"y":0.09801235795021057,"z":-0.011728256940841675},"rotation":{"x":0.07564432173967362,"y":-0.8667721748352051,"z":0.4730270802974701,"w":0.1394098550081253},"size":0.2622666358947754,"orthographic":false}