{"cameraMode":{"drawMode":0,"name":"Shaded","section":"Shading Mode"},"sceneLighting":false,"audioPlay":false,"sceneViewState":{"showFog":true,"showMaterialUpdate":false,"showSkybox":false,"showFlares":true,"showImageEffects":true,"showParticleSystems":true},"in2DMode":false,"pivot":{"x":-2.378999948501587,"y":0.5217078924179077,"z":-3.319000005722046},"rotation":{"x":-0.06214848533272743,"y":0.5321338772773743,"z":-0.03912356495857239,"w":-0.8435248732566834},"size":2.785304069519043,"orthographic":false}