{"cameraMode":{"drawMode":0,"name":"Shaded","section":"Shading Mode"},"sceneLighting":false,"audioPlay":false,"sceneViewState":{"showFog":true,"showMaterialUpdate":false,"showSkybox":false,"showFlares":true,"showImageEffects":true,"showParticleSystems":true},"in2DMode":false,"pivot":{"x":-2.6862192153930666,"y":0.000006414949893951416,"z":-0.009478986263275147},"rotation":{"x":-0.031066466122865678,"y":0.9422299861907959,"z":-0.09068559110164643,"w":-0.3211539387702942},"size":0.7901095747947693,"orthographic":false}