{"cameraMode":{"drawMode":0,"name":"Shaded","section":"Shading Mode"},"sceneLighting":false,"audioPlay":false,"sceneViewState":{"showFog":true,"showMaterialUpdate":false,"showSkybox":false,"showFlares":true,"showImageEffects":true,"showParticleSystems":true},"in2DMode":false,"pivot":{"x":13.208999633789063,"y":0.4139274060726166,"z":-3.6727454662323},"rotation":{"x":0.005112496204674244,"y":-0.9800958633422852,"z":0.02498207986354828,"w":0.19723670184612275},"size":1.3370704650878907,"orthographic":false}