{"cameraMode":{"drawMode":0,"name":"Shaded","section":"Shading Mode"},"sceneLighting":false,"audioPlay":false,"sceneViewState":{"showFog":true,"showMaterialUpdate":false,"showSkybox":true,"showFlares":true,"showImageEffects":true,"showParticleSystems":true},"in2DMode":false,"pivot":{"x":884.9861450195313,"y":210.7381591796875,"z":272.7947998046875},"rotation":{"x":-0.08120110630989075,"y":0.021524230018258096,"z":-0.001753954216837883,"w":-0.9964638948440552},"size":356.1470031738281,"orthographic":false}