{"cameraMode":{"drawMode":0,"name":"Shaded","section":"Shading Mode"},"sceneLighting":true,"audioPlay":false,"sceneViewState":{"showFog":true,"showMaterialUpdate":false,"showSkybox":false,"showFlares":true,"showImageEffects":true,"showParticleSystems":true},"in2DMode":false,"pivot":{"x":-1.164270043373108,"y":-0.6809241771697998,"z":0.6274142861366272},"rotation":{"x":-0.037850648164749148,"y":-0.713286817073822,"z":0.03848494589328766,"w":-0.6989136338233948},"size":0.9950979948043823,"orthographic":false}