{"cameraMode":{"drawMode":0,"name":"Shaded","section":"Shading Mode"},"sceneLighting":true,"audioPlay":false,"sceneViewState":{"showFog":true,"showMaterialUpdate":false,"showSkybox":true,"showFlares":true,"showImageEffects":true,"showParticleSystems":true},"in2DMode":false,"pivot":{"x":-1.3843064308166505,"y":-1.5083932876586915,"z":-1.8894624710083008},"rotation":{"x":0.10356668382883072,"y":-0.8850361108779907,"z":0.3872971534729004,"w":0.23666799068450929},"size":3.8643929958343508,"orthographic":false}