{"cameraMode":{"drawMode":0,"name":"Shaded","section":"Shading Mode"},"sceneLighting":false,"audioPlay":false,"sceneViewState":{"showFog":true,"showMaterialUpdate":false,"showSkybox":false,"showFlares":true,"showImageEffects":true,"showParticleSystems":true},"in2DMode":false,"pivot":{"x":-2.2919998168945314,"y":0.00010218098759651184,"z":-0.019589722156524659},"rotation":{"x":-0.031066466122865678,"y":0.9422299861907959,"z":-0.09068559110164643,"w":-0.3211539387702942},"size":0.7935826778411865,"orthographic":false}