{"cameraMode":{"drawMode":0,"name":"Shaded","section":"Shading Mode"},"sceneLighting":false,"audioPlay":false,"sceneViewState":{"showFog":true,"showMaterialUpdate":false,"showSkybox":false,"showFlares":true,"showImageEffects":true,"showParticleSystems":true},"in2DMode":false,"pivot":{"x":-3.5629634857177736,"y":3.725290298461914e-9,"z":-0.012351691722869873},"rotation":{"x":-0.031066466122865678,"y":0.9422299861907959,"z":-0.09068559110164643,"w":-0.3211539387702942},"size":0.789518415927887,"orthographic":false}